,PC1,PC2,PC3,PC4,PC5,PC6,PC7,PC8,PC9,PC10,PC11,PC12,PC13,PC14,PC15,PC16,PC17,PC18,PC19,PC20,PC21,PC22,PC23,PC24,PC25,PC26,PC27,PC28,PC29,PC30,PC31,PC32,PC33,target
0,4.287047947654325,4.624222362002275,-1.6213794399638113,-3.2797998028087663,2.2277107231490083,2.1535284053141566,-2.125128460114689,-2.613197742855308,-1.0634567134831139,0.23904671479601242,-0.42422219801335814,-0.45970528852984144,-0.7246974258433915,0.09309559255436706,-0.5994702987144693,0.5423562953895321,-0.7842338374429575,-0.780981594783515,-0.12412785281257269,0.6066669113859544,0.14221516836926687,-0.780270716860903,0.3995156529043223,0.09282111488211543,0.06035675501489888,0.05290755661013863,0.48634606097127153,-0.5698053441700757,-0.12822640542127872,0.21003319571889262,0.1960165309681005,0.4566566762625969,0.5190145893520285,7.2
1,-1.1574876713518802,3.51011774165073,0.5795785381143332,0.3513335280667166,0.52541034683841,-0.7684580323454028,-1.3854815872341764,-0.2900194476847729,0.21361217125365564,2.6648692087995043,-2.428769257006923,1.5299807194056438,0.9717690477426068,0.6130835199465561,-0.014010163193694,0.374709895804225,0.05074065965055894,-0.28997177988010314,0.5628573375702779,-0.984177329763139,-0.8441876679366883,0.038359681333548515,0.13613083616446625,-0.6114389217960855,0.9298380719777886,-0.3781205785974568,-0.2501977325631595,0.4342715752616288,-0.12000781602226121,0.08178010172162499,-0.08669279483277516,0.46131111891928056,-0.1733086789011089,7.3
2,2.0064010008056172,-6.311250248294742,-0.8359823763702683,0.45721333205108783,-0.2726868675553802,-1.3697420226852328,-1.9334766202599716,0.018193886322711995,-0.22422176444906777,0.25874499959687036,1.9524353819941682,1.6733677118074257,-0.5485465222417932,0.7225887115129122,-1.2018573410717805,1.9705239703270756,0.7461401386084255,0.26793671717595474,1.1862030718483878,-0.23234958254803834,-0.29159724162366013,-0.4250665728643519,-0.5849975599402242,0.1783240576499889,-0.6991213394471382,0.49759087900652316,-0.028739473762590496,-0.4202818115888493,0.06738993047970548,-0.17537630382310815,-0.38982149161135776,0.06830481541160241,0.03992170185116689,7.44
3,4.528461983414594,-3.32933017773397,3.797247722793294,0.22992889249132165,-0.04177688940300291,1.5673865180533684,0.40811474112947954,1.5667931896776202,0.9393056333336635,2.6408020260435277,0.08336402034054632,-0.15922191952691145,0.36402131279721067,-1.2074686325164399,-1.0451854839167372,-1.9555553552336165,-0.7311548946353036,-0.9128219696395617,-0.3421024452100874,0.17050709733404007,-0.17443418927236498,-0.2223578077666959,-0.22438477017957467,0.6345559098281705,-0.21229182888057196,1.0392737367507225,0.10059724729320389,-0.28985967699885173,-0.36848249453864723,-0.7223309935340954,-0.10946860589128206,-0.2579331360714406,-0.007400747087189519,6.2
4,-1.5542088928774616,-4.243768719905271,-1.632589259194643,0.14942766864421497,1.340059354175332,1.2134163263310922,0.6016506451323425,0.6748779677617388,2.3710389888548544,1.17322318200198,-0.2580413577734148,-1.113639116795107,-0.6564403899616621,-0.713564583160474,-0.20194110302396576,-0.05950797936730608,-0.5842492822342316,-0.01177698758250896,0.4992000315705451,-0.06897463390211621,-0.3059549076789929,0.08452132014457127,0.006407867422622001,-0.695917432715152,-0.556561125419392,-0.398126161766481,0.4016011620844491,0.45679138919293344,-0.3583138935977972,0.38869905206915756,-0.1719401774117918,-0.11644018075919474,-0.053765923332335985,8.77
5,0.46762162595279777,-1.592442484933154,-1.8011054747740993,1.5315191562412773,-1.2608596223485093,-0.8356604793185858,-0.2813238884308502,-0.8352802198313327,-0.7499571336473109,0.690843239737458,-1.1160859471315474,-1.1538380385566214,0.009227025660457043,0.026521452983804015,0.7121733463610489,-1.4701837119219545,0.11512236215656965,-0.15271365146920196,0.14460172558723247,-0.3563499520276145,0.12891739951307377,-0.007125792357514371,-0.3928895875918174,0.3973083225087414,0.43154651242592357,0.4432582588062324,0.03866255380552519,-0.8047718735926125,-0.3446363796161797,-0.015722525907554557,0.2611109266466135,0.03665724748359214,-0.23902161684975826,6.82
6,-5.5485880849790945,0.03791998399272678,-0.27304876946028395,-0.3141378972124929,1.3966179705353174,0.41663920468717835,-2.046693551601147,1.6804650200967872,0.4850113618129014,0.636548048847185,1.0505000084716503,-0.8233336183306543,-0.6534200076053512,0.2723269445090984,-0.6063346334932691,-0.05635200396995589,0.7465290652663734,-0.531132049516787,0.5226960631022327,0.9761611486451884,0.7311987337492402,0.06114067386437376,0.5871293822760791,0.5303430763566243,0.38283119287985495,0.3178920075903636,0.0694731243512665,-0.48163551329786425,-0.5967759110272668,0.1170449819315167,-0.2573324334143271,0.47696472966099096,-0.23627730914881542,6.8
7,0.06709737089436339,3.989362107471194,-0.33000871242247054,3.650210231060155,3.028525460606344,-1.976911686992463,-1.3188881485908128,1.0858032908006672,1.741925638254906,-1.8688952585834355,1.5145554906919132,-0.8280052464763012,-0.8503389032688948,-0.5444185161692697,-0.3047868359776119,-0.3305801182028397,-0.5578297110319068,-0.15873558872067478,-0.750130021667509,0.8022949281146639,-0.6006995498353469,0.8741538978230443,0.9732962655167335,-0.2653251184475644,-0.8142615416717084,0.045599100259980374,-0.20762245406308236,0.2801020643808516,0.03859181081097257,-0.2360401909295325,-0.14254098340049523,0.21202300449484046,-0.00046234596226232827,7.1
8,0.5045524787725744,-1.3613801223639077,4.008780536936334,-2.3323142842204567,0.711844951806503,0.7811592820415534,2.6798849876615685,-0.44265506835555474,0.7298379217952641,-0.8052358347086364,-2.0598190431559975,0.5959108480467187,0.3233979536771312,-0.04725236342271005,-0.5493836087313162,1.8553765211337068,0.21854174709007576,0.08312974121618553,-0.2520698235662557,0.4853751206756154,1.0410346813889837,0.9111126041550268,1.0489605026751612,1.1630974412443522,-0.7348820629797354,-0.7875786242326525,-0.2264866789792306,0.3138551089217329,-0.22244698066568097,-0.7077943503949365,-0.3688512809673974,0.16687462086820626,0.15750432657728103,9.1
9,8.5679563568531,5.550921405846889,-2.5543721155114554,1.0126600027250214,4.412170392239408,0.22997253752249724,-0.31951432806448377,-2.199308230246021,0.12863839822583123,-0.2417267490012986,-0.1971480590396588,-0.21361909204586563,-0.26655926836314997,-0.6415816678943135,0.1449258716425133,1.8825325070297059,0.6167282474487045,0.33180498809224135,0.7847449538291129,1.024961175825622,-0.355471367230293,-0.06511603004972194,0.1793509983578312,-0.5243926376812352,-0.4197080861764121,0.8029426226685754,0.2575332576887631,0.21328362749647814,-0.31032585783518823,-0.06802361870360835,-0.33445687085903,-0.14486489851706563,-0.20228340297452324,6.5
10,-2.9879607964724775,2.5456460000582712,-0.045170696606019634,-0.06984646152403226,-1.8015404211241268,-0.021473141473430796,1.5279065783523342,-1.209863796752944,-1.1287238415473644,1.3403228725051386,0.4511089803782501,0.027662554716893595,-0.15803697663689248,-1.0232719062452618,-0.2729996533127528,0.26678223370045007,-0.2941903047288195,0.46702198992886446,0.3163461858359627,-0.11418055545958695,-0.5405064179861263,0.07197495360685388,0.03006428953985604,-0.28518721683330345,-0.3328640713913035,-0.058706814871869066,0.6407451712342497,-0.09262104977152155,0.29199819940094324,0.03349766729278088,0.18911860167251776,-0.28602633321777027,-0.09006155379176103,7.54
11,7.808068582846661,3.5665758627929156,-5.775357535614885,2.0090793278247494,-0.500723989595917,3.8112861203691715,-1.3246082135141675,-0.5185494493903616,0.2995155148890124,-0.9028923996232807,-1.6163563091086013,-1.5192576238212547,0.32028747053698947,-2.123506631554526,-0.5775204272192245,1.610222370176841,-0.22057724461437414,-1.4974221013941453,-0.398762276085055,0.6019952365679433,0.647550750189171,0.6801526766260094,-0.4302416693760576,-1.1834126082653442,0.9757796073348611,0.36800955396286233,-0.6318379998604985,-0.7751143360407192,-0.14140711344486326,0.04749639742471716,0.26363537719793595,-0.09515912257094902,0.30205679683068964,7.9
12,4.063768171256772,-0.7861270499013753,1.2056813769882582,-1.9656953429706163,0.9972123894159404,1.3994632539255318,-0.7010458235144953,-1.5753721074696545,-1.0120732816030447,-2.4968165618077816,-1.9467248545005704,2.956816546687763,-0.4908429317561014,0.12442876216958229,1.042301911115119,-0.7439147625622159,-0.009927896236097118,-0.9643916398024799,-0.6734441211236948,0.28672861132759303,-0.5738418081948046,1.447021802387156,-0.8323157520648031,0.3428861363727991,0.19594322399787029,0.9957350553647654,0.1337715705145746,0.9077880607167061,-0.43119953089760304,0.43252671454201674,0.10921774620675488,-0.032394184352506676,-0.742487952376333,7.2
13,-4.520371612242174,4.415167705772946,-2.6341849138093942,-0.2500195932796742,-0.8805885625232791,0.32725614605224285,1.1358420427521534,0.5288345900623259,-1.077076101432762,0.3582281632290294,0.19971274755624668,0.10457559109017055,-0.6705331639926667,0.26903074351904593,-0.2974388942442523,0.2816319707926628,0.5856483854306862,0.2634051085319963,-0.6025867257841838,-0.6898412927438359,-0.2070306286780245,-0.23699821872883403,-0.21474322795516,0.5358268904014964,0.49480277126438266,-0.1133028056780583,-0.05919422556018363,0.35488262133239096,-0.08319573326124016,-0.08821880090670557,0.33953711441411705,0.5000347983148488,-0.1506789513608045,6.62
14,5.35313273695468,-1.7036507667671712,0.31150565387527385,-1.840483031118235,-2.9677810853120397,-1.874009419655372,-0.2526184022868756,0.5613290287079965,-0.4316829201011965,-1.340982867319772,0.37323597871872455,-1.2570691510093501,-0.5880309544576352,-0.34120515333798707,0.26159578131656497,-0.21435279624014514,0.1879779342510854,1.0000092225582706,0.2894551468595678,0.5108697770158355,-0.8729921197621603,0.46714039915839334,-0.5029757101663448,-1.2509282947441507,-0.09994762636875808,0.5001671409590247,-0.5333717665569427,0.7592373678517889,-0.2780947859823999,-0.43459357541007726,0.34268558359854906,-0.29734569275850276,-0.09889131463221534,8.0
15,-2.7355396761331616,-3.5774232723358925,-1.013287816485332,-0.10167071876696052,0.2991659460218441,-0.1769668618689832,0.5292858687200496,-0.9803761761235298,1.8016786717563646,-0.10808133975513125,-0.6380689673725262,0.4447357488633644,-2.6348724260324787,1.392593567812092,0.4681470470037335,0.4268465614749487,0.19814380537573711,-0.8268272797476914,-1.096468167314021,-1.2935588091200136,0.11604166363912197,-0.6515668081095887,-0.5837907569537972,0.14908761730085926,-0.5485433941916856,0.3825095579567046,-0.5926121193646734,-0.5687851034057776,-0.6472965105919452,-0.2473932809739962,0.0170195702429743,-0.007207289426463502,0.050803308558425755,6.5
16,5.940775393052769,-2.0141369883475226,-0.3685944409235318,-1.3118859117869786,-0.46235173444776034,-0.14095610297853983,-0.19436879539470647,0.7652543058310061,-0.6072968591865401,-0.4741283658073844,-0.7170701081749234,-1.0264306878623826,-1.364980023278865,1.5949986349571887,0.8587327267275251,-1.411978911231373,0.1682080589007774,1.0463731757076322,0.838549509725643,-0.682037536130582,-0.4376702451374925,-0.1987775440399042,-0.3994085155590773,0.25439424186787474,0.03290750611699766,0.25123147074235885,0.0458184774436492,0.020731383731189615,-0.07437295342257036,0.23224209724012668,-0.37010671878515894,0.8848182015054059,-0.3905105764713143,7.33
17,-4.9520229381369205,-0.01448055470973212,0.15146942450968615,0.66159239419268,0.06668810258670171,-0.37446954125216764,-0.8042148451537741,0.28491059802582575,0.004577517008430721,0.9895520556541821,-0.3296699031382976,-0.9537892006666963,-1.369405461434668,0.7946774712990881,-0.230830322897877,0.07543991192182896,0.6820613922875005,1.340668291015765,-0.06035780965773845,0.4774568901115238,-0.27486524916445515,0.0895311342800852,0.6768754046151868,0.28549483091527783,1.154362016989439,0.37303082267687143,0.28352605674367143,0.07148512417654496,0.5353736498490352,-0.6599478547362266,0.022320122850841295,-0.03234873726440531,0.2795578339965894,6.0
18,-4.194828853155486,-0.824789531713159,2.8579943244568815,0.32963029543623124,-0.015528463395516542,1.2041580089135577,0.09510165011262492,-1.0493798530007292,-0.06862336278294172,0.47953565857621633,0.22229792374326146,0.2504447621076221,-1.127389033981447,-0.45947026635106875,-0.03534327198969403,1.0047048500270912,-0.6740565191192046,1.3082517203383344,0.3435722456107267,0.31334111978315426,-0.22165547144080908,-0.3133010159877874,-0.2950095785457768,-0.7242022510086153,-0.08514910116059614,0.14351916522313074,0.191454376818012,-0.4669912657486185,0.3025945444938345,0.05907867154073167,0.18076030580261604,-0.07359129455572108,-0.3069779823117078,6.5
19,0.9810324057872809,-0.750954191150375,-0.8323814224978628,-4.668835824214093,-0.6602685115083458,-3.4080725882380367,-1.2417604676065184,-1.0072334135406804,-1.554717522361209,-2.1246738314070193,0.8694997626465718,0.3558518021627879,-1.6357366782821992,0.3799999131198895,1.3118986985475838,0.28348486628822905,-1.2333446645833497,-0.8428503593249135,0.6848377961164187,-0.48395696014902495,-0.25735919652208145,-0.09886201539708414,0.772616745557786,0.6567031119235041,0.029561259796568033,0.118254128859983,0.4122430534981585,-0.055227798915759616,-0.20591920400631,-0.06579489698268956,0.37902809751189165,-0.009213858497553316,0.4136132773114662,6.01
20,-1.9266096565277115,-3.734659358379766,-2.079482386806375,-0.34498214306613173,1.627093026370309,1.2383735834303695,0.4408582834008642,0.818612253291401,1.7761849520401112,0.6707764624877484,-0.7524905085527137,-0.6783494692379737,-0.14364456293911704,-1.0623009293129821,-0.06293819612368182,0.20978421232493466,-0.4154481722506353,0.30947735511063357,0.3006231802141101,-0.0068037969754998935,-0.03043616183924996,-0.09186836042287161,-0.03651344017173419,0.1640921833788866,-0.15074532484868763,-0.10014192263975032,0.6295805020471372,0.407311072547821,0.0092773479526937,0.35570904545539006,0.11264974020633467,0.35391101142413506,0.000634464344087482,7.92
21,1.1180263289091374,-4.256420866469548,-5.835569869286347,1.7832555562744135,-0.7601532404779331,0.8238492570530862,0.7806235386020947,1.5794071730278374,-0.011809011292181659,-1.2753957129552917,-1.7186874309211262,0.39806005041991654,1.4369424048324155,-1.4833260547928913,1.484541928468163,-0.3885134485326407,1.1216091787797073,0.6961012376648981,-0.48695034893985284,-0.7296831073454367,0.7265691237213174,-0.0964989287466487,0.4820134573240487,-1.4011255300188339,-0.01607677202606836,-0.20322081115111612,0.4487318427893308,0.02255593303704892,-0.07336693761078808,-0.754489760540724,0.08546673342477787,-0.07926719442048966,-0.2720767811180739,7.85
22,-3.670815763387055,1.6381196390100214,1.6966880443740915,0.08708677465216523,1.7620375897701324,2.0771300377615924,-0.4167097986859547,2.1190092853017704,0.2351875999492628,-0.08270143066935905,-0.064289735704322,-1.122409115187716,1.191794873347275,1.593366218425189,0.4069767353027683,0.9100521781539653,-0.8086987958838768,0.2871039738077725,-0.10752970375509402,-0.49671694272524647,-0.9319737857985744,0.41797287641503583,-0.8796906690965398,-0.04199619622937286,-0.2123365122482253,-0.48244031614013544,-0.6402784367979932,0.19165706396435656,-0.4406103083528319,0.10160236264298635,-0.3636899742392206,0.003261144122350852,0.15963838472075184,6.0
23,-1.08426274412567,-0.36934430104047794,0.6310373934506649,-2.364734434551531,-0.20838408132106603,-1.921308637991722,-0.2433426851949862,-1.8228195058472718,-1.2001991091150137,0.7558375887177917,0.22930479946074855,-0.5121532013026887,0.31412065620264484,-0.7572950005212925,0.015755470490891127,-0.21753319345227456,0.7122537049165747,0.1211630339689407,-0.21448033907371764,-0.21997556562878143,-0.1400751428727033,0.16370096465504505,-0.4755736800923793,0.2270625652905737,0.05018526450466514,0.09974280824904606,-0.3303170188976092,0.012851721260234941,0.1829860943436336,-0.15359386417782217,-0.013793291260678575,0.12164648486532748,0.2403715170262007,6.07
24,-0.468775615027873,-0.2963059411940055,1.2269291007989667,-2.2398846059505173,0.1669448994831385,-0.6512881345800654,0.9386756003647853,-0.1611795489103056,0.5149597010027337,-0.745860968982216,-1.04932004867277,-0.49436795579143455,1.1080124036956835,0.1320215599779068,0.13053187696604707,-0.37044054324904885,-0.3387910159616802,-0.1974372075056468,-0.0831013777060454,0.19006648938380238,-0.29044511479119167,-0.45083289273020066,0.5727165768338016,-0.3874951575069692,-0.05583040681365169,-0.2374142853352207,-0.018659823293567666,-0.7844984204937218,-0.08933985929869553,0.04436949995715557,0.5940889162220511,-0.13657775184052637,-0.0511171189374196,7.36
25,5.609306407141193,-1.9331380621204106,-0.36928615803716336,-1.2980887444209512,-2.9172110811939733,-1.172656520419136,0.0013260657967543651,0.9932065458350242,-0.20097093795807283,-1.2450417459319518,0.33696647792224405,-1.4173846733472333,-0.305087998770346,-0.6946814973593571,0.43217726019454505,-0.07288924551624378,-0.19570621437587257,0.48836220347624354,-0.1750844488813713,0.3209487959954104,-0.4451525563935309,0.5050409187501912,0.08687190165459019,-0.6823691754710404,0.044937131514697054,0.8140589066585255,-0.6756448209603231,0.1176771881918397,0.07818658673644735,-0.0313724347960227,0.05011095141278721,0.4395788316158322,0.10290845645456877,8.04
26,-0.5213119072655897,0.4027963124520162,0.613194521077367,-2.1490319657939456,-0.6918954350241997,-1.175892203783389,-0.544253624850798,-1.7385854420452185,-0.4735195832371404,-1.1423326746173763,-1.1392466671765675,-0.6223326164670594,-1.2343187708290917,0.5340355297071557,-0.03605203025212925,-0.057719234269924355,0.0674591578134462,0.5170790651488844,-0.27414535641342663,-0.30933992985344533,-0.9289516279128008,0.4861030201500533,-0.30908452828939803,0.32337024179118956,-0.15291889984670126,0.1004574351218606,0.15829251863166674,0.1156841329128401,0.4914708337194007,-0.06741563745159557,0.07780241385037139,-0.04590615747415177,0.10943885932272658,6.85
27,6.960952727589038,1.5853905703245723,-0.5572058310878393,4.712649269012035,2.1615266870814773,-1.8700291479465827,2.2577421690948096,0.9126752945715452,-0.1365078950118121,0.0024623987093120303,0.1964866939595967,-0.3727049148512348,0.4941198731791742,0.33456205511836923,1.62710915610224,0.45876858671906035,0.24605814594870232,0.24399950544742055,-0.34110642630863297,0.28580615934286513,-0.1973005791461934,-0.8988121621505664,-0.2200373584041363,-0.522322013807657,-0.771923988656184,0.014580082325092725,-0.9217598749405306,0.6200282037797316,0.38734532504245306,0.11700423494091522,0.3975121125988206,0.1772534772412988,0.08344094381036982,7.1
28,-2.5240842815364277,3.1988489847930306,2.5795886752148323,1.575515962657458,-1.6315542297138217,0.667074483027396,-3.264565831928405,-0.3951268158695534,0.9023240160544698,-0.4458976687788681,-0.2513523254982067,1.0850738724959212,1.7319444781736373,-0.6816841362124191,-0.5702679927895546,-1.1264903477859247,-0.1770696843799796,-0.07746553106675273,-0.42932607262482014,-0.7387573351535038,1.1976867546973868,-0.1729153366848156,-0.3278810965557964,-0.701554653187299,-0.19396130797964073,-0.3113084475908044,0.24092042078465134,-0.049984364401952,0.38222348592434185,0.10549509843171019,-0.08806482441104137,-0.04105149833913881,0.016539594448001793,6.4
29,-3.8409012217799665,1.760042056951578,1.7332847388664192,0.010801739641163238,1.814430636499722,1.9154280148577314,-0.5056676850045952,2.075528423817889,0.021323005008280323,-0.1453425375889717,-0.15433058961180426,-1.046885557209212,1.2485892247937271,1.5855833229762872,0.46859139971609315,0.920740149221651,-0.7127195797328839,0.4262299015524133,-0.1652790762636635,-0.6248259956987793,-0.9285554890251537,0.26918643279059756,-0.8813145475479658,-0.12118349322045438,-0.030165041455541802,-0.4550976608340431,-0.5769879808334277,0.14404269441877177,-0.25136848572516024,0.07283191754901415,-0.5515449239638357,-0.08363950417573612,0.13431464244614358,6.4
30,12.301989352489466,6.469741539434195,-3.3488156521758348,-5.3531144687128505,3.8436603421922007,7.769621638193359,-3.6620056824913503,-2.7544653356035296,-1.1134545245205183,0.6811531725492991,2.0237454197025233,-0.2324276611985433,-0.7966907578252962,0.967316658043635,0.15192132614055417,-0.0026257363142789952,-0.06313540724527458,1.8268669652406688,-0.9101888760083188,-0.6127902236798989,0.6668226626752493,-0.5179789004119352,0.45910961098023645,0.4169068647531584,0.07848693399979982,-0.7291957426655746,0.10668845686647403,0.14397886823522682,0.05337737241013501,-0.38401362020486907,-0.3232023813884216,-0.22244926376214966,-0.12251036905182697,7.51
31,-2.318502076736815,-3.8629653369963886,0.24378400433028846,1.4828765717031671,-0.28640765171271243,0.35792451979084133,-0.6495657896453033,-1.6657592759270372,-0.7283618954751604,-0.5685418747877523,-0.4245552872271811,-0.42613260464934083,-1.0425781453502487,0.041441214968469225,1.0856464015397658,0.07889213447544656,-0.25094416299296096,-0.3246388495681968,0.44509937356686774,0.5741560103465096,0.12237324053123075,-0.0669295439233775,0.06312792263059219,-0.1721755265031349,0.4805831333153197,0.47632864492889443,-0.16584890819745976,-0.18258353387817505,0.25336848273569623,-0.14962808089303115,-0.1994572309159372,0.19584935099226453,0.03923940450964608,7.05
32,-1.8877567956635313,5.53984840737275,-3.133552066341175,-1.3006809450365513,-2.9209478822961064,0.16463078966766184,0.8282721542540991,-0.38658364369306336,0.16769912213667443,0.34121718351767744,0.08139897238235913,1.1775177209758254,0.7276720641781425,0.9037753169574894,0.24271741198466304,-0.9185522769561782,-0.019503289827037487,-0.5997839891116999,-0.08205632214093851,-0.41940300942018033,-0.4790991411970091,-0.07250496262173522,0.537688315570769,0.21569905779156312,-0.577664105766535,0.6025092420453195,0.25408506628120514,-0.07215438727390089,0.236313385474858,-0.17929964536942747,-0.37199654429909085,0.3894859906717825,-0.3638760776025163,6.77
33,-0.31130545701226153,2.4271192544370277,2.041769202969113,2.4406193987314033,4.612359965125075,-2.689100174442604,0.8378542165780476,-1.8572863410975387,0.0605364126894464,-0.28846894710025217,-0.4265112659066991,0.10479725228107453,-0.6610346954301373,-0.4054134664337272,-0.4191446202644223,-0.04253555167598094,0.8554308910149507,0.22254977908412824,-0.35650319572567224,-0.7115053831183216,-0.002619334166424262,-0.7803892233545096,-0.20987191828210466,0.08581224179086909,0.3796126803255111,0.47737815982197107,-0.33402647030465005,0.12402752772987763,-0.13569484946446903,0.20054774195606373,0.038212320703405966,0.11185070123352486,0.18997630764691265,7.8
34,-1.649703941646475,-4.916305819178453,-0.501372381131809,2.198497351207182,-0.480482423773688,0.38524096563303756,-0.48374028306890227,-2.0475896007034797,-1.2793027283404685,-0.828095327379943,0.18046044492972865,0.5363519862854844,-0.409178098361738,1.5057784561761227,-1.213343163596336,0.10530508028307702,-1.1081175350508188,0.13343419191472156,-0.21096543515154556,0.20029674088078758,-0.0512177142829047,-0.3195765221404647,-0.025167377837890425,-0.26136928390477054,0.1639740551888838,0.0828368877691563,0.17885261732710142,0.15539742136369694,0.1863782070523056,0.17446935652244727,-0.10761002133521778,-0.2649417406965191,-0.018799045242429552,7.07
35,1.2309071662957594,0.3501177035212668,4.230591645033084,0.5275164280988973,-2.9396173527977254,0.8920891508731377,-1.3556746545771823,-1.021232447280052,2.925464275920835,-0.6714115485428603,0.2892059314135975,-0.5865074778277491,0.6096287843356191,0.4228226713050158,-0.915114782589538,0.7888630196146618,1.529432945766961,0.6442497849554055,0.592908994701914,-0.6356990449400525,0.4072294191790354,-0.1265075422491445,-0.16462517234143095,0.1856722065585541,-0.4972914099864858,0.6259758673187497,0.8149094478357194,0.5093212061950888,0.3871803546971574,0.24223739477727346,0.6023230386204865,0.05638373602619659,0.2475379791119327,6.4
36,-0.11786861949938339,-0.11128057477656683,0.7216887027093434,-3.1908910732213487,-0.2655485301864482,-0.5472417316455794,0.0445448930422198,0.6203392468364489,-0.6771573905121272,-0.8233319370843215,2.042821975924531,0.29179541480004983,-0.052164180324049896,-1.4185427593742852,-0.0989850186166156,-0.12190957906600854,-0.14839536281620172,-0.20412964428898395,1.1976180492746564,-0.33106669839307146,0.4776252723313668,-0.018676676836238845,-0.21971767769969253,-0.3872392788384307,-0.06313431061797926,0.2272493565409615,-0.03024142411672397,0.22494830897266915,0.23952799917900133,0.09754783847506322,-0.040107204036107194,-0.15786730185661832,-0.12153247054379679,8.39
37,3.0128011994157613,-0.342404670335759,-4.4916421916940195,-0.8985643554607281,3.511088551425501,4.687531363180304,-1.6743124005444123,-2.185703271046506,2.1950996263407516,2.0701454561742874,1.1923704728708788,0.16391040198537798,0.260146690379469,-0.8947824954739159,0.5470551892184938,-0.4712485684247544,0.3321792550716898,0.015867454493850196,0.6393885125952101,-0.07480524303813474,-1.1548375789620837,-0.05995181607925735,0.1649901278960541,0.016769529094266284,-0.03416763394563539,-0.13518619802358056,-0.2229023570649047,-0.46291003716914686,0.3051807247981426,0.31205378349657575,0.1884048082588225,-0.4138338523289514,-0.00691832526415978,8.47
38,-1.4987278683504937,-5.386016929366441,-1.8200632481831167,-0.3557838265995018,1.5002787110966702,-0.23447404060880378,-0.16763548772652162,0.5711264972224636,1.4893036216505067,1.4485526847805754,0.6198630239974335,-0.6801446581753335,-0.3317805753227968,-0.45139207573437184,0.729936229336279,-0.24586182025090086,0.3855235320166193,-0.0028758336517912403,-0.08865163284956944,0.22353806751557204,1.004424483528679,-0.3529913102673625,-0.1318397654292601,0.1002159796321335,0.13987283043213755,-0.11128559602432657,0.19880459679371262,0.4151143592112088,-0.017107297811469375,0.20764750870418267,-0.26103392154590377,-0.40409691970773415,-0.2594461483610664,7.1
39,-0.6631095679342623,-0.5582285497245862,0.6223462420289098,-2.055940250904367,-0.2872414894158114,-1.193468278357803,-0.016497261036944155,-1.6008365246345775,-0.8183742064249614,0.6611937652661648,0.2766647827281899,-0.6728314094919651,0.38556669217663875,-0.8561401474607473,-0.1302163945163374,-0.20057393781847688,0.6391530893399551,-0.17856357510650583,-0.20249388003168708,0.11465711703154793,-0.012326091893737812,0.21970793020700963,-0.1868830369935055,0.24000415763568456,-0.3213842987132999,-0.20867178955397536,-0.2557377822748206,0.14563342985253158,-0.021127012805271638,-0.07067132959229552,0.25448388658492194,0.2300625306285303,-0.12092892131420385,7.0
40,-0.39818662086017187,-0.8700690983314634,2.9394933374812124,-1.5218350227173658,0.7629792326865851,1.0534280842744659,2.9231014929348915,-0.3777016857563378,0.5654446654223154,0.16294878332335133,-0.35989995961063365,0.5545264261930242,0.24483019697509634,-0.23674465201813802,-0.12260604753838197,0.7460652059770364,0.40131904912400035,-0.2513694639489481,0.35107820778622406,0.9832706156578574,-0.10286445168488002,0.540202012862027,0.5345669806588832,0.4750588419666417,0.23523124740779783,-0.8561379591528289,-0.0847931909542439,0.12005985278712358,0.16894463651525915,-0.21241369690899886,-0.33333176080875787,0.026824871287456534,-0.06495563744313411,9.3
41,2.4158044962792364,3.3277129783637167,1.9134101345419863,2.507513609483491,1.9826431294054467,-1.365286133833981,1.42089651570019,-1.8116735314484909,0.1294770234053417,-3.1671897261306015,-1.4356739084806265,-0.6559327414472947,-0.3474327033284239,0.38361448578961005,-0.3232147474673992,-1.5858498176607059,-1.251782563269114,-0.526630083740329,1.6780946144253857,0.23795939430190452,-0.08556383242477084,0.3748001349189388,0.34288551787697236,0.5927366024297523,-0.05781200076325088,-0.6553466692216581,0.9269637763838412,-0.6670854657691205,0.02069817353995701,-0.5852718727559744,0.21252815914667328,-0.2306341074780595,0.1663460304625432,6.6
42,3.8800538745582416,1.8530718628505982,2.745722820348534,2.903312155880063,-4.4765372747962,-0.5108571487098171,-0.4030314899255477,-0.7880563940797797,3.937622735678827,0.1761515363467943,0.5697240715044519,-0.12102727338239763,0.285028953350696,0.4487016318117359,-0.039827272893473625,0.40306576970381913,-0.7268908200060025,1.0014374270532653,0.1761147208308191,0.5267122874457846,0.28226854729395656,-0.34705355668613735,0.047884403564860595,-0.009646692796338598,-0.0767886707771981,-0.6800254383964984,-0.5939168310477613,0.38377658076572707,-0.1611650193662142,-0.7690077159968928,0.3800450809475601,-0.3632271279051031,-0.5345749134775516,6.1
43,1.4727529570443745,-4.209360710779819,-4.120776678061867,2.1461912308635163,5.5885755966726265,-1.4686686318343076,2.0541330478533544,-1.0929362900314195,0.8246179715903978,-1.611860374107158,1.0002363512180172,1.167767651294669,0.979351083962889,1.1184921844567004,-0.8223748288738626,-0.9245107428253875,0.7328720820564602,0.11283864638351707,-0.14495988960525533,0.5626279569393321,-0.11858383077748061,-0.12799713630107162,-0.46462303600025656,0.29770925817027943,0.16846908924057935,-0.2082590598366118,-0.14556237719771395,0.31354811627540247,0.5981300949730111,0.3287936032410411,-0.060956737584844795,0.2380185997436306,-0.5432794738311009,6.63
44,-3.6644320231885072,-1.0453521951794245,2.3088720700987357,-0.38916935799810726,1.4806200480267107,-0.18342589519600622,-2.4835874278145873,0.5700982212807552,-1.2146390162062508,0.1892067893737382,0.4194771972690474,-0.32451179355576515,0.33351876387440405,-0.3742417762060895,0.1371146664478991,-0.4701706359627731,0.08205669183724972,-0.4082506435748009,-0.46428780224478744,0.7827675523360904,1.230534614432445,-0.08376003197760576,0.5166010917874968,0.08476435727084673,0.610095668827621,-0.11698739754050165,-0.24061624237129,-0.006560669486765758,0.1832365927661344,0.6762509994363333,0.007366230349209284,0.058752872681492874,-0.5846810495010504,6.2
45,1.0557393906735084,1.9779124953134213,-2.959131614477667,0.08270799932112398,-4.5298696121073725,-5.024202190706298,-2.411940249611168,-3.0018548712711137,3.7390601235424366,3.1893812376907107,1.3950151150576713,0.695418281113925,-0.42587648406428963,1.6563474006258385,1.7698109985076653,-0.2228757127883434,-1.053828555371881,0.875212450492993,0.0862272384216619,1.6922047392489232,1.3291726092466978,1.5950098725767494,-0.7093986598403457,-0.026761068482962284,0.5167283233145264,0.11438973941909229,-0.21544556601105438,-0.10389395465587653,-0.483014963040641,0.20361164436876858,0.01406823511443887,-0.12360244989670224,0.39523809640107754,6.5
46,-1.0726363445579976,1.9696309018780296,2.2981711695419595,0.07237806360325764,-1.4264170589655198,0.8135737333454016,0.5494144575666243,-1.260301877434928,2.181581550336184,-0.36154002921790207,-1.3380513717622875,0.8939189669515003,1.875753990579408,0.6178453213447133,-0.03604241165629882,-0.5778386651139378,-0.1847628705003388,0.3908594625929134,-0.07832084434691798,-0.44213675353685505,0.5173501862811056,-0.719265649555766,0.031009812724166443,-0.6679085232047597,-0.19881902425012538,0.14204523662268131,0.1402105383552141,-0.38237362549259696,-0.04676325278097038,0.16439665048074045,0.36866267301389277,0.1435991606838153,0.08597402413235944,6.2
47,2.8414335304414937,4.821109036669992,0.24435788391250998,2.179306564836866,3.5031982715224887,-4.141486227941395,1.4968972727050884,0.9564062028621169,0.49936460936792887,0.4499687879816988,-0.3928099568365956,0.5508658136013622,-0.1490605936303953,-0.6401055532099402,-0.09992659007750343,-0.4954876673523112,-0.602380659793736,0.5794745375250958,0.39253054135518484,-0.015062448335540685,0.38444453873082,-0.5491587479086437,-0.1089518201321046,-0.013920445760229846,0.26327434837769004,-0.4078488748550185,0.24345061900505274,-0.38596776372970404,-0.3647941389820715,0.11895368865437173,-0.34645374946438584,-0.15848364536272963,-0.027866846389054928,7.6
48,5.238392848416035,1.5993979295528669,-0.7416792808452127,-0.40322593585188954,-0.840081524781946,0.6744652405687555,0.4037708205417502,4.0794186246425275,-0.7653631906166548,0.9453710569311696,-1.4025418852435154,1.0206421303344837,-0.826160246245983,1.395962123527641,-0.2247273261496238,-0.33341480818379565,1.8901876878972568,0.014142755837764542,-1.242801630533389,1.377683549344179,-0.20034105643366293,-0.4749822313789894,-1.3683969163125687,0.16605396436709108,-1.0140638629444514,-0.8050888694513169,1.0439022933336433,-0.7622382779816855,-0.5685855606883221,-0.25277347026391567,0.38127706069691386,0.20679253636216546,0.11191838835601947,7.8
49,-2.699827609438209,1.8425412280778082,-0.756074177949624,-3.0824178062515957,2.4581922274264283,0.20174720678447905,-1.7329453199559635,4.928774594185852,-0.8118635410838285,0.888795605467532,-1.9436368979940886,-0.5136087307870371,0.6120585493633351,0.4179431344381154,-0.7125896808646499,0.5237540920554967,-1.6301209963031449,1.8751709875786007,0.5997750751457175,-0.8943143403871695,1.1487628686903784,0.3512165899580363,0.23987035691993971,0.07323531195145642,0.335178297724321,1.1606309904697183,-0.03680998336599575,0.049978376892141296,0.15341782548867539,-0.16584393260376123,0.4742730188693699,0.34509948878489205,-0.06335684070481183,6.1
50,-2.4187536566169436,1.6208858113816402,0.6746951722235948,1.0363791240691944,0.2608868939690088,2.7685271865753127,0.08624086228513159,0.7850739927117051,-2.6112932117240146,0.0153918411250962,0.10854786589218088,-0.045643351375192494,-0.6417574268624127,0.5609938354780386,-0.08312199329964096,-0.09035284757839228,0.3903014076236622,-0.6126363373613077,1.4804025945963264,0.3734773479872175,0.8421439876004765,0.3267290206504502,-0.9089793525180474,-0.44943093379010357,-1.1192505093339222,-0.13114560189146152,0.3371014859330777,0.3832112471983112,0.03997480261279474,0.21810452233128946,0.1686988467884626,0.3805171128262627,-0.27965346974209376,7.3
51,-4.065745502736002,4.434040143400365,-4.528360479994877,0.406456730341221,-2.8595383449175698,-0.23646496330078393,1.1822556515067717,0.0817620231774368,-1.3027245384133983,-0.8889322679436253,0.2823997474115779,-0.3008506709921603,-0.06324777864433404,0.4994994239501805,0.4270079503574716,-0.7387088360309189,0.5891994326421526,0.5977852034997414,0.44832971550217576,-0.17572727477781866,0.10389326315159211,0.33060722184377744,-0.12342760557144364,0.1289575898898883,-0.0009090244535368275,-0.18893504900657587,-0.5498010498433755,0.19902116608371911,-0.8431318973748841,-0.47852904288542875,-0.2970653270868258,-0.2020047917237853,0.40355207650452496,6.62
52,-0.9437823774959418,-2.0134145197336375,2.956753628610038,-1.134446439163912,-0.07425335146295,2.750180059963045,4.219812365859642,-0.5747844349009524,0.4691863590564783,-0.324949187275839,0.5609387082175187,-0.5781991445985492,-1.5283882101784578,0.6054452788351485,-0.2106390364883526,0.3722331360078448,-1.17902328059001,-1.686648576119233,0.10987164750704506,-0.01677821066682717,0.8474135095780683,-0.16834212344226496,-0.11665611494724329,-0.3730168685605002,0.1629712925879247,0.23048482450512447,-0.5824836248198267,-0.1817936476299862,-0.04079663332234369,0.21828081425636914,-0.07608610367836385,0.22572725065039997,0.03314586450419539,8.39
53,5.313463764774807,-2.4368968075067685,7.282594712141584,4.115664279503976,-2.052574951212276,0.5535354037636689,0.06808296193141448,-0.7471828279590232,-0.8939411222553791,0.43371575061074297,-0.1414102225225333,0.24841549345078806,-0.6386977842594014,-0.8167226855487568,-0.06389221595405323,0.48173988242274224,0.7276596697682295,0.5547521834648651,-0.9353352317119558,-0.7609966700623909,-0.2772857614724801,0.9900478857736507,0.5917682352166479,0.022200713461292692,0.43242920346479596,-0.3572309328346793,0.6805929291337304,-0.21579356912140418,-0.21274127596656628,-0.14343823628970787,-0.4777455821799504,0.5606844252371301,0.08002647353198333,6.0
54,2.5244827066545747,-3.7351076479520247,-3.797728544781217,-0.3526373728889101,-0.4688443046784107,-1.8750145625160128,-0.0951597026169706,-0.32183715924179673,-0.5276975957256641,0.43587740492680854,0.4188506653658367,-0.9445631634714764,0.6817156205061777,1.400682395146588,-1.9841837092044574,-0.747236445220092,-0.3320921651967494,-0.9597239287613935,0.31619153356727725,-0.050016924321044695,-0.3838801242878228,0.5095381732466765,0.46337058326572617,-0.15332241374917055,0.22470832827733606,-0.9502922818143895,0.3014497644640182,0.21669711697838717,-0.43486734153068957,-0.14664819131818768,-0.034722282989879796,-0.023210992378363306,-0.06406329310673547,6.39
55,-0.2727079850783536,1.4639471852829264,1.4486299601041095,-0.2945163960632038,0.6299373730589851,-1.303972381286744,-2.843092924224629,-0.9262257341316654,0.0824382470700031,1.4593540428246108,-0.8235221610127345,1.8479850885419378,0.7047436501031347,-0.31253024678130154,0.15296389245915765,0.40927758324774954,-0.4275032672368441,-1.818762054139265,0.828659873070671,-0.4788251471087411,-0.3779999172369479,-0.016622935350746354,-0.10175186180012416,-0.4679058583573315,0.38423264674749585,-0.221470410776192,-0.2616546815684632,0.5918939075806078,-0.09424252898479757,-0.4033376608338787,-0.3154736017189418,0.16507993801945425,0.08678833704558536,7.5
56,4.032947349652236,0.7470288512280618,0.31048559865386394,-3.685354952829859,-1.6402717399738522,-2.369434815709961,0.27723294163975876,2.6011016160257165,-0.06248711887894197,-1.4223116416857577,0.4755775670525245,0.04486612811643605,-0.3226166929016947,-0.23564519991876856,0.08957693645451728,-0.607536417072999,-0.4309986090470999,0.1201613838781634,-0.05592515511584927,0.7327786247510558,0.20010774817205568,-1.0004284384863817,0.2746849016559927,0.006684585468525097,0.9190496623752771,-0.2299036425334161,0.29087986374103414,0.01423888620403893,-0.020066157876420337,0.48111308588307466,-0.14857377687425732,-0.36891840461024117,0.02151426519370514,8.64
57,-1.0429431927309178,-0.37622446586217667,0.6442617021955969,-2.39900438879022,-0.13953289092557603,-1.6559706575291657,-0.13615932953378224,-1.631817496699999,-1.1350937473873675,0.5536141175597082,0.10913367228948562,-0.5742883869596914,0.4292874926114685,-0.8326748637076646,-0.10342883690060531,-0.3180948008587602,0.6860242880377923,-0.09501976690927595,-0.2947527709488556,-0.16026919668708342,-0.12143189427533294,0.17446338347558768,-0.5208878567295956,-0.011395175860642457,0.1077703033790341,-0.14468238626043506,-0.22515581198318727,0.06563767519444583,0.3548317898991759,-0.26130929865800906,0.03415057519382245,-0.0639522663551686,0.09952021321081511,7.01
58,-2.385443983434163,2.0461200375124515,-0.4307681910618868,2.043987095308132,-0.4106014608380852,2.265695468495794,1.4159744888063872,0.4526182349464274,-3.5589499450372677,-0.09873082957410097,-1.3032149138461195,-0.01830817874876289,-0.2767892122789658,1.3831147354908968,0.4524390194202121,-0.9222785212884577,1.8369039980614765,0.17787798587890685,1.1303502404821042,0.54527010462127,1.146584427000433,1.318941775664371,-0.2846888450577134,-0.6278730736304577,-0.32524872200265675,0.36279094735102807,0.32521562347835753,0.03936150681858218,-0.713401830814434,0.5539028287883055,-0.2655985963179391,-0.7008815849012413,0.3488259534631143,7.3
59,1.060619015149441,0.2820926697086183,1.8061148557439464,-2.034064859871226,-0.8378751266724918,0.2515189227035494,3.5402536081758647,-0.018192348491535216,0.7686653873467643,-0.9440515162791835,0.9115938248556591,0.5598020527929772,-0.7264371304498047,-0.03163823653620419,-0.005120200253066006,0.45838217593175135,-0.3164552598270631,-0.7253605041652287,0.24788231570238747,0.45520107576533614,0.11735553917426664,-0.5937443843197497,0.33761194620096285,-0.22408434670128893,0.13109566627922584,-0.1469776513748623,-0.639351139273595,-0.03623841333736336,-0.5115548706979337,0.19630908011562273,0.027206709624835314,-0.356493904033156,-0.11111673463232716,8.8
60,-0.2719791662614275,1.4642641162903636,1.4484686068158,-0.29511375332826395,0.6299158990834034,-1.300097751034431,-2.8416951449910197,-0.9240570388761676,0.083436706221483,1.4563457649110791,-0.8249348409481029,1.8476281839139248,0.7056026977981488,-0.31324881830975443,0.15217515621366218,0.4105184491717334,-0.4260840308272929,-1.8203643037283999,0.8299512009323992,-0.47719719016743695,-0.37697020915122637,-0.017973214643665997,-0.1007386754408621,-0.4691577660108101,0.3846113808831158,-0.22412886052776615,-0.2603772061165284,0.5929398849746421,-0.0921963980073981,-0.4043169757076803,-0.31609438961958636,0.1641389291509019,0.0834227432135935,7.5
61,3.2857725608693684,1.1654889859341686,4.017899265336229,-0.33280561433153427,-1.7019574794326107,0.7322032439005034,-0.363516702394713,-0.7289342101636419,2.696863243197539,-0.7722749993081698,0.324014272618609,-0.1004427745329609,-0.10998784826038369,1.0559277662430404,-0.5898289149148017,-0.30321256074448544,0.4660791566125418,0.9363743085776759,0.8876395835601449,-0.7477823390079618,0.3789394950773282,0.08811820289750479,-0.55980027469831,0.09180244885390908,0.20873088812800816,0.35006192487054255,0.4718305676747499,0.13578548082231492,0.10265039311694724,0.10890921059278245,-0.13171695235322378,0.31713382972137294,-0.34719188582522303,6.1
62,4.662162825614404,-2.9496882539977674,3.8206091884497813,-0.09450966915268556,-0.1630334072183957,2.048988945084459,1.247220105851921,1.731639507988795,0.5523083215344328,2.7247720364219536,1.1718268650858832,0.021878952466224903,0.26575462810805794,-1.4313669827458084,-1.0312994418932937,-1.9522574940723874,-0.7437595670842203,-0.941178433138395,-0.23588358054425396,-0.027130924248609585,-0.06672388506439168,-0.17700305919108908,-0.46739328183563644,0.6186060239367174,-0.06615953682943286,1.2410322936176557,0.10955106296868725,-0.04568515720266576,-0.5002999466879083,-0.6842969848923198,-0.27499829031795514,-0.29194933852433225,0.06897332712001586,6.0
63,-3.1883706699104515,4.7445227496151645,-3.195051880886216,-0.41661684878621164,-2.494019602606903,-0.47119653495861996,1.4315732642374495,0.1866624092173129,-0.7358616265642454,-0.44701154992634456,0.19134905151819404,-0.20756411412996073,-0.5629465233055723,-0.0495560450262713,0.004839191134161617,0.19974603045381428,-0.5985100457668345,0.3639020394469907,-0.4701369208007323,-0.04217131499606101,-0.2991272944662932,-0.7377296870230646,0.39582254494090513,0.2572361443751137,-0.27178967767090634,0.0684566100854015,-0.22452232544950354,0.21488531236316832,-0.40883380404715824,0.14418281976889952,-0.15994189696467692,0.30739430364732456,-0.1839343241361337,7.02
64,-0.38752188934486875,-0.6566968064635361,0.7579002287078859,-2.4043365122547584,0.39713046908899735,-2.0533443419503064,-0.6223559375960951,-0.9081163295429889,-0.7527591861914561,0.7102558136905134,-0.8865256811246959,-0.30492285227475546,1.1673557279246434,-0.8148030085469256,0.05378430123744776,-0.7226704620930945,0.12619485542324319,-0.07192315742922778,-0.25381575953815194,0.2975779226696615,0.18404721530380624,-0.27267195221010165,0.2726741721689903,0.07931233204550883,-0.08795954881247155,-0.3002839775528224,-0.0891337843044328,-0.49459971336932884,-0.14696638985994032,0.19826084232206656,0.32310533237258393,0.13930653455829245,0.1498271937880847,7.01
65,1.6899978059849572,0.2608879377914442,4.480737531356529,0.04252833145153723,-1.3732417884277583,-0.3595337029896843,-3.5629804633647644,1.8124416209219734,-1.0294533188125048,0.14048579927793653,0.5402743148434407,-0.31496662459807845,0.16643025352518243,-0.044218605347283765,-0.02815956649772003,-1.0640949950691605,-0.22933566271464453,-0.06931673600888212,-0.9258023897301272,0.6913169899677707,-0.482875703472941,0.24742504602149465,-0.14441376970021577,-0.024738069680598187,-0.4561923187981848,-0.371043335557329,-0.29019173971285805,-0.6741969439669779,0.5820323707028275,0.849076445668378,-0.3089471894151409,-0.28249683339640863,-0.5405867128413363,7.7
66,-2.671572480581053,1.9666371946409371,-0.5447669592542985,-1.3201438900176505,-0.4382254886751158,1.346752080632379,2.4813247941307814,0.9665727693349911,0.3975348565992709,-0.7789680850984662,1.3732548542449325,-0.22493744960835638,0.13944366460719182,0.5281092765896723,-0.05167191098878618,-1.0972810162033542,0.6634709173843188,-0.08357690016838817,0.2347569942646343,-0.03860619397324425,-0.47291389056540917,-0.5602844831862451,0.6002468578202369,-0.440860916493605,0.6455272658660811,-0.35046651145991403,-0.4933470787310904,-0.359459685251969,0.04948783712462334,-0.24299301475036938,-0.275634742115869,-0.2813257653281733,-0.040027413078660604,7.64
67,0.30173190150276785,-4.085748653750601,-4.097473652332014,0.32654531206908016,-0.32671779826172764,-0.5402049174443522,-0.07709180950522837,0.3102122124486549,0.2883673351361985,-1.1066372005978353,-0.012646271847505806,1.139472135890039,1.516283320902586,-0.2589551692061106,-1.723863581820626,0.5229254331491927,0.055922338212484754,0.6795006835420285,-0.8308839112887255,0.29939945252143485,-0.3079841033871555,0.04838484871644496,0.001106885234934036,0.06609290510354947,0.055665696267986606,0.014727133668189979,-0.005813883137353991,-0.02105281299879036,-0.18415485347987556,-0.1425073578638299,0.04152864895241644,-0.07572043810758242,0.0588818070437712,8.38
68,-1.8317389684639547,-4.102087840467088,-1.7769387398315581,-0.0665703710694541,1.506947178925044,1.2017706556697543,0.5202077483651324,0.6726323547562495,2.1094805329748807,0.9348146486463178,-0.36539905072249906,-0.9345047383176015,-0.40893365522879044,-0.7808314924322972,-0.08206094557429314,-0.05779540840018714,-0.3126626279587052,0.08099383519891544,0.5328680229663539,-0.08970732001629858,-0.24380221125043988,-0.11845409043161137,0.09312081429428515,-0.5615244591658659,-0.44607852886098087,-0.4063580197720647,0.4355269333405214,0.42507576896547633,-0.2587777111342983,0.5253243690911376,-0.18170492555709777,0.06238049571584914,0.007639482037248624,9.4
69,3.8689073017895916,-1.0635902059514775,-3.1687969865858587,3.5136459809816145,-2.2262893960287187,0.5915080716140116,0.580539768129597,1.5925421837850735,-0.34294966856058406,0.6269026922745937,-1.6853793249750304,-1.124658024003318,-0.8121244157536256,-0.46595577855530795,0.3966290185691698,0.8449373130781651,0.5751456628919327,-1.4398834340970434,-0.42788413220718235,-0.17441627387616915,0.9189523029636448,-0.180007157347939,-0.8007609385747337,1.469631746331986,0.5819666185343644,-0.2687317239451256,-0.2400879969338862,0.5408884718062135,1.0942411158369632,-0.21019560119174951,0.4752432129451118,-0.4022346239797563,-0.11363642778756156,8.2
70,-2.363067577339571,-1.4956766527352023,-3.5970015171148324,-0.35744490203851875,0.6741359527208871,-0.25870897189407127,-0.2531966820822238,0.8209077334682264,1.4554529051302276,0.821679925135249,-1.3506595311064171,0.2192185746516787,0.12183285260283513,-0.7557993792592862,0.6494527771757508,0.6936736537821002,-0.1276888226181948,-0.23878865757173717,0.3141350112872134,-0.9206246236244804,-0.44930805957743214,0.862690538157342,1.1993491841035302,0.9202166936865342,-0.34230737594740285,0.061278784703342595,0.2757719238763697,-0.32843527574766673,-0.07195376753537663,0.3527533292588546,0.22522325252034864,-0.7712971738236367,-0.20888952602437155,7.96
71,-0.016869571498321034,-0.4358019483169168,0.7297794503069844,-2.6255289371012305,0.11049669481282967,-1.3131508592800076,0.3565185981585056,-0.7246285280559409,-0.8931592380525907,0.7295337609200687,0.21717919267024682,-0.22533873565264995,0.8704982123254401,-1.0365034609203656,-0.05728005811838224,-0.5906757289257004,0.20174398646407984,-0.154814534852887,0.11140336920841691,0.1576310846989387,0.36629498663459015,-0.2187693105923153,0.10373156653684024,0.13275171733604446,-0.13401410684662363,-0.12800395015411153,-0.11683299071839662,-0.06896925431774852,-0.3065262393019217,0.25544172749734984,0.25288351218635524,0.1530745229838382,0.05521995443251265,7.48
72,4.300603362195063,-2.2580694149628227,1.106330966984888,-1.8895331651450598,-0.4051704748392586,-1.135751643323147,-1.446400836018533,1.3827774937166395,0.791086489530109,0.1832406001826678,-0.521817083719468,-2.0782669167349974,-0.42758050807091413,0.37733511515390245,-0.3367114226179112,-1.0148282563287145,0.11038161685532862,-0.19628194054159148,0.005009034849051736,-1.5351936718890653,-0.4649877805072604,0.48236305684983916,0.16657787201987095,-0.6654629906961839,-0.07978637117019217,-0.9758727396945127,-0.12291090029757612,0.13665010530485894,0.16487647401169908,0.6352621366912045,-0.12637464423097178,-0.14132417766245095,0.47147812868360883,7.34
73,1.00144361298471,-2.175340745551949,-0.2532364661336551,1.5300750503691514,-0.3551073574946332,2.034832307041549,-1.5395998749459994,1.196469468026174,-0.7416482111032331,-1.5012742059169135,-0.5892137218838399,2.6004440370178528,0.49917611538223705,-0.5821735569617883,2.062951844772937,-0.49689839479344455,-0.22150996920060886,0.9339681129238468,0.37336528459258495,-0.510873850431426,-0.7087695637150957,-0.2192250015015489,0.1332170371942366,1.3659642350539511,-0.32365800288220187,0.10809759724236699,-0.7592047572688364,-0.06595310554782406,0.1456517955127445,0.31093676603203885,0.30009765760188695,-0.4952235663894964,0.5303696470407606,6.7
74,-5.899569351511187,1.3517722337743647,1.1676630938095705,1.8434450475795834,0.3548023963396571,0.9480296093180938,-0.7409563209731947,0.3292124915601193,-0.529803912009248,1.178280751962062,-1.1926540664338263,-0.7310544055544187,-0.7877285005539526,1.1813586764940378,-0.29757551149914474,-0.7060355859052713,-0.04064813731474423,1.4599428783201598,-0.9055558849876988,0.08151474945632309,0.2531963838411598,-0.5377836727731705,0.49694356981011945,0.0832023304541449,0.9269121699497734,0.18807249389812136,-0.48321373922342753,-0.2532981214304389,0.2184132420113505,-0.491071931420648,-0.02787849781902839,-0.01468159996544851,-0.0893973225934993,6.1
75,-2.111193560539387,-3.7506198479810213,-1.1778719816710357,0.6857863165425733,0.28591170496821594,-0.7392915764609153,0.19379842650536375,-0.18246861157380886,1.8999038278797604,0.8213985014031224,0.3185663471007273,0.8674588385959024,-1.4831897635483284,-0.30252197163953404,0.5052511963661371,0.5872408780118249,1.520614633911986,-0.05179515195599545,-0.34028268892026153,-0.9174594107043411,0.08117433516853031,-0.3384592803415668,-0.46551921174856287,0.4903299026400175,0.015482738571570162,-0.011818786801344024,0.22676295665643106,-0.3224554002040798,-0.0445829419611314,-0.007461976016341448,-0.011503023866531945,-0.27929415261271034,0.3296751885436705,6.1
76,-1.4323744716828866,-4.966430097343289,-0.5556337294243476,2.308229979475328,-0.32680318094005223,0.8680297688127366,-0.36366947217106294,-1.7977237027274102,-1.2862127914521888,-0.927998595618649,0.1145676779731176,0.644263529654937,-0.1016724697894863,1.3583509206827387,-1.2735929925721425,-0.3833854613433498,-1.3594091841349587,-0.17057130763256925,-0.7298557852223462,0.3275474283611225,-0.02110095002339205,-0.2437099548300899,0.03891811649096115,-0.5693836167226535,0.011194686004080232,-0.41029997521672623,0.3515837020323982,0.17395325614177054,0.1021781408949771,0.07592984449770972,0.25440114005963105,-0.4212610877963024,0.0018416138667590731,6.8
77,-1.548182403009837,-4.24827436652716,-1.135838478469922,-1.6510995454173416,1.1820468624187686,0.11717211195845739,-0.4468860013210423,0.5262736002286393,1.5847410844440577,-0.37231441581313796,-0.5668194443378611,-1.5258221716618432,-2.0626686034740995,0.8393983786798863,-0.1288712036092803,0.4254537282788988,-0.6148842547943393,-0.6388255621232125,-0.744398515372074,-1.1506164422316316,0.7827954898248478,0.785543398895903,-0.05140450035494554,-0.3323711802997281,-0.39518229423379486,-0.06300140271888041,-0.23053039976625736,0.30964006950709233,-0.3358566773970935,-0.10639628932502894,-0.11373490787339298,-0.3541024958283248,-0.15463610684782425,9.3
78,-2.110856539869028,3.1352248289943287,0.07097458892721752,3.183082082118266,4.550414682334269,-1.2135321136429265,-1.0995107433898812,1.0000293451125566,0.876815754033319,-1.0898411967471446,1.518800874909981,-0.4105493801669761,-0.48491885175049787,-0.16690034065567333,-0.29581485999238627,-1.0439701148820382,0.227007987209727,-0.19529579283656273,-0.22139812426491015,-0.09284913267590392,0.1073896177383771,0.7051775403643483,0.8675074181658315,0.0031763334338079214,-0.3928096561682841,0.3535622773245804,0.2619700776231493,0.1578529737684516,0.189154409938782,-0.2295934084924691,0.11229584798423359,-0.24160879618402498,0.054801256129574136,7.5
79,-0.5467632468916382,-3.923823037189013,-0.5255019544986302,1.9294361578026133,-0.9450901579398859,-0.46001012740064035,-1.3112358931353085,-0.3276432299171696,-1.9746856021604815,1.876796127986255,0.08039731458058061,0.16714084154379,-0.09684452845730238,0.05769248873751484,1.8058207392601704,0.010243478633164979,0.5622215642282322,0.5090976006145479,0.10030728046782296,0.2614130399318927,0.6686478609074556,-0.2688343175104875,0.8707800614592949,-0.04830945927038064,-0.7542802719901409,0.01854079249022972,-0.18269385992007073,0.41870824909771404,0.3585207725518277,-0.3246088640172289,-0.4959069261192037,-0.18604239001067205,0.08742950483640383,6.7
80,-1.7470075293033236,4.844335126765795,-3.194458770910245,-0.6115386738764382,-3.3641492603955294,-0.425598287214177,0.9012743716974345,-0.7677251636719228,0.7207778117747904,0.21891901409654185,0.7638868234377879,0.7608282066128694,0.6280214373582753,0.26806718289580933,0.528241977925862,-0.6938475950836642,-0.5505717319244542,0.3502888368862517,-0.23354259374462505,0.20439388932037397,0.7867413387841042,0.30823769696849246,0.21327405740807717,0.011102778211622196,-0.32843744998509106,0.013137203933954074,0.24974407866288847,0.34942962638775094,0.17027300121451003,0.032739886571158464,-0.23158855595174288,0.262256572814229,-0.18406657971536727,7.74
81,-2.2721877696810746,-3.6836822185810063,-3.150440512457414,0.2812259142901701,1.7634058411146278,1.1640016425770017,0.5089034718930109,0.5534871619919409,0.7412089498789461,0.4880040546467055,-0.6564351717756242,-0.04309722765636378,0.04750374229558386,-0.4311191238404695,0.8135154981354678,-0.756661448129329,0.10084615082780586,0.3276230928700077,1.0082863388438648,1.131201052217592,-0.7319562808171522,-0.07127608844271871,-0.43566209465612843,-0.18170009371077955,0.696725876363741,-0.011903909819497911,0.371852395192905,-0.2653637286042665,-0.2491777437490229,-0.010729710390060748,-0.09891442781706176,0.9060319456259449,0.18429025846028435,7.51
82,0.3209242450977423,-0.2974041089998056,1.2573369681484314,-2.437549377673736,-0.6142310692142766,0.43168402417701945,1.5283285707340475,0.47225208794467405,0.4354080856246896,-0.3008776055611743,0.0873080354720765,-0.6710905688194783,0.2568638557558681,0.4680297408550245,-0.008710098756075592,-0.09320704388287375,0.4343593896134587,0.20483658123897358,0.11587852908476458,0.26336497529335345,-0.8257426840562001,-0.17168738007858722,-0.031778345599600744,-0.511201593622651,-0.41556281714675375,0.13007645104152976,-0.1973405774617825,-0.3398555701940135,0.4086639687322599,-0.03966960061715338,0.3087465794169164,-0.11295817213124576,-0.2384059874364748,8.68
83,-1.7714684967224208,3.2986863931056307,-3.6071204679062827,1.2753712289164263,-3.201016424727845,0.2656716387038276,1.6234978626566514,0.31112677898704844,-0.0168187569705714,0.06366636171427173,0.2972526104487819,-0.7083850209972976,-0.6242065012252064,-1.1574640265895277,-0.19277308894403525,0.004204197830121548,-1.0773904836745682,-0.04603496759570139,-1.118558150916131,-0.6953341901687119,-0.4253429238425947,-0.008170434759341885,-0.0735027841385685,0.2954655812522438,-0.33849303677940484,0.12470640793794045,0.49594501669911223,0.2969907162100376,-0.0868723239399494,0.2742283828716084,-0.046904076070437103,0.12016956378432894,0.23539092670836573,7.13
84,-0.46735908755820943,-0.1381595822626141,0.6951083541428339,-2.5564390945149977,-0.45470196845061933,-0.5391021023950796,0.8895229062331269,-1.399511655227435,-1.2316680353584755,0.5039159517025616,1.1277927314480667,-0.4403241040050216,0.03456343577443861,-0.9673917927864115,-0.24260057595502751,-0.2839553618821872,0.5757817789661611,-0.3241836796963682,0.001125255216726526,-0.11436484832614634,0.2761582079198161,0.06974559540060198,-0.3692308361286174,0.11260766709232921,-0.13005821271619367,-0.09628344003269881,-0.3677299242367575,0.4089173613132156,0.0005678617551627754,-0.08249999652755984,0.10168405948691757,0.1389885891007354,-0.20529265592178256,6.98
85,2.0715768374529087,-1.943741568442487,0.6701581760962388,-4.912208102583863,0.5675585694282191,-2.7012815623173525,-1.2555823068552674,1.3487180411728057,0.10823377579374287,-1.2150671254328798,-0.2129237312854275,0.16229078911096284,-0.8296123746601473,0.38961547360743815,0.08829846995457913,0.7232255908405952,0.6705759224960961,-0.15037628634970324,0.0747117805760172,-0.35669789961117143,0.3643857209243556,-0.4797235993442039,-0.19808116602258072,-0.6315360167899818,-0.487279834197737,-0.04846507931201821,-0.3207948383379588,-0.7634966370110581,0.20060116697960895,-0.28094075685363695,-0.07852325289875477,0.09684811561951903,-0.08813827967505006,8.18
86,1.7945968223479019,-0.9822118442620089,1.115011898589665,2.976860853855671,-1.0354009218492617,1.4163850900713735,-1.1337453539161453,1.4007999986658355,-0.6108307250715689,0.07751088470837682,1.185434816064341,2.025934889271761,-0.351537964560702,-1.3640679049879414,1.2686904860647794,-0.28478378763999834,-0.9864642136387638,0.6428085770581544,1.4174747479247358,-0.8802545287643527,-0.7987515969266584,0.5182709041415433,0.13648197613575289,0.6761686017357642,0.4480130402849514,-0.6380345765649463,-0.022892991937457818,-0.6515493924802507,-0.5853624849335828,-0.012913175565798279,0.28920186759416294,-0.03975241822265046,-0.384875525037681,7.3
87,1.3501507943263562,-0.5248530684207628,2.791844162901027,-4.077978765203397,2.422237309769738,0.8206975146961075,3.2968790806537602,0.42560031088228667,0.1568131076776968,-0.7067428553820805,-3.070325686584412,0.8478634996292763,0.815902282683621,0.15582579568386126,-0.05074411195053749,0.8302748158468453,-1.4175355657153828,1.1121522697986546,0.09239903345131645,0.15136189083254048,0.40539751013200853,0.620072195771629,0.268352052734113,0.5126289633728167,-0.18841205094404523,0.6434919883586103,-0.1828965506782729,-0.0778509172315369,0.3047732573662005,0.12114278492756307,0.0017977322744928935,-0.09158967218419942,0.20686786984925867,9.52
88,-4.866968801941043,-1.1830460632486126,1.3522008228536715,0.6492015364787977,1.109432408615361,1.867298915231148,-2.6595681844435646,0.4890731173838621,-0.07665740611969428,-1.1103266670879082,0.6537431078317507,0.8330621272530269,0.037476249766515014,-0.9652357512911627,0.1182107798197905,-0.46370890817328525,-0.8799100305904899,-0.176357565408795,-1.010286657308522,0.5935070517160934,0.3699064543592533,0.03170892517730947,0.06621549776484281,0.09354153758139314,-0.8179678967519665,-0.24745402980338765,-0.4100880598548736,0.21584076024056448,-0.33052496609980275,-0.2478330758974842,0.4628330073100454,0.45009628480326225,-0.019870602123421215,6.6
89,2.4860881288144436,-0.7171163273704142,-1.6661215911821734,1.8729871009218961,-2.7823765319248297,-0.15261668057519934,1.7045388468483453,-0.08464588328392411,-2.0447407937856807,1.8118862543649228,1.3684736618476756,0.7889460895234606,0.525224105709755,0.14591887187595923,-2.04704620858059,1.0787822246715957,-0.47266500779468373,0.30267747425434416,0.14362611550693064,-0.07316719233469945,-0.362510160015215,-0.0805617038004332,-0.31652535534130743,0.41516267882458735,-0.22901101320048145,0.3861958358907709,0.16779280852495357,0.18464699677298096,-0.06129186396718337,0.06597684621726134,0.023431601710556346,-0.13691273127074075,0.18196952042980769,7.8
90,-0.732825992812785,-0.3171544461030013,1.045702206277616,-1.6246018605162025,0.41853213517737775,-1.4642386561866556,0.14834780467691985,-1.8968731648330224,-0.5884776864286708,-0.007582556405135318,0.6350830378163402,-1.5746031067669382,1.7987168763642523,0.09688504286145541,0.9238919239276073,0.7977084947389864,0.4411799927374714,-0.31577916331723277,-0.5663275235519083,-0.15599732898543753,-0.6281407948523322,0.1571128041474539,-0.6619467529229687,0.3046427934452833,-0.2190547314382995,-0.23424913656422502,0.27433881794234904,-0.1060692938544672,0.11130574392782475,-0.4275326233141158,0.24874138885024216,0.007912222316327124,0.031111801511167658,6.32
91,-1.9829335976362354,1.7996372896846369,-0.42369679641793156,-1.2705384725591637,-1.3801335846418277,-0.6484876469448434,2.2248195486743345,-1.054191892189178,-1.1214405498502362,1.1808708749777665,0.010647025508373046,0.42351760151325396,0.02816456274789162,-0.9369469277280172,0.13666495470452178,0.2657481294566483,-0.5010478928519586,0.3912573008622397,0.3292875013966764,0.054225790316280484,-0.4077160069202263,0.2662839584591916,-0.055121071401860594,-0.11400357137403191,-0.2892253442684434,0.1932746843467621,0.2563630948078765,0.048762773234892254,0.3672351857082347,0.09539524034218926,-0.06141235415936057,-0.4182651698182376,-0.21897134451725347,8.31
92,0.9233311175101221,3.5304584853564664,1.9402205075358712,0.35743162415387714,-3.9604674876093053,0.8377578086849999,0.2732979694807902,-0.49219183680514716,2.2720635737896546,-1.0683379555651156,0.21454440388388707,0.4872083940058761,1.0366309608647446,0.6288017897361393,-0.143579625980413,-0.17881492931004456,-0.20491415058316334,0.4868984913146032,0.6195094494896364,-0.13105620686097202,0.5786204531355864,-1.094367559659994,-0.4195556535918385,0.2910466343986307,-0.23241975861219522,-0.37212611401207135,0.06343093524382129,0.061407180676922635,0.05089646919863441,0.4087585766744057,0.1308867786965488,0.18540002926926338,0.40162105803283765,6.3
93,-1.675569217823243,0.8949908125944406,0.22553823592403716,-0.1525261591234783,-0.28808216886189203,-0.15488464598805735,-0.14210767169749436,0.14136576929278583,1.0458248274278754,1.3007973403050959,-0.37333470005956004,0.5456378991661331,-0.000876361768206109,1.9792877818012748,0.7323681018431649,0.9857934337862743,1.5786923379777196,-0.863874741354955,-0.7335535301332567,0.10540946345274393,-0.6671889479876663,0.32374619822225803,1.533749100378868,0.02075197926931954,0.1236111277235673,0.7076248012961974,0.14692695698378375,-0.2716392573968681,-0.4219936228827101,0.44490147429129956,0.6976626080901667,-0.31982297515015506,-0.4768817235632469,6.3
94,-1.091037450233345,0.036466077403110586,2.9113975330489232,2.7603940078191513,-2.22737577999205,2.520354189163324,-2.5980089741271786,-0.6696606728547526,0.3862405449859971,-2.1732829881180273,-1.0457148526061097,-1.957601477820064,0.8227177301274221,-0.4567850279508128,-1.0369417826122216,-0.09686585172733105,1.5756270004190476,0.2007605530540722,1.0211228674052202,0.6621133515018962,-0.166256203733457,-1.1615473864632535,0.41944198606009137,1.4319932573151515,0.3750071877872955,0.5448426422714664,-0.4383945367850996,1.2185718798919432,-0.8581107139991869,0.4866752986487437,-0.2573426338035371,-0.291379907466299,0.2284642996943005,8.5
95,5.541657485360858,-1.5371002478884346,6.319423379380278,4.1190935257551535,-3.297191381536976,-0.3783374907948361,-0.34994178123782627,-0.5211080737258208,-0.670142933732074,-0.7961927363470896,0.1549160155500046,-0.15447947486547,-0.6934619015771625,-1.3698892128489346,-0.03890049740123633,0.6345618807874546,0.5554007825830363,0.49530072976032563,-1.5276602331600353,-0.29482268494749275,-0.6250243122414356,0.3879275534295078,0.7031887724233131,-0.6499564081652024,0.4968507615502163,0.0030253740995139014,0.5441017129237655,-0.45575946520411137,-0.428745890765616,0.3742772665167172,-0.32580486370059414,0.41338236329889066,0.1598002875531092,6.0
96,1.3175833114421402,-3.656179945399691,-3.525362298321335,-1.044234045381012,-0.2575290137238194,-2.4034601165368437,-1.292824511603527,0.06928675265237114,-1.1052741027643436,-0.46323152534510814,0.514818906075922,0.020292545324500925,1.1763309555715131,0.5053308341528575,-1.7830455210199294,0.7418321715109669,0.25675923149701546,-0.10048916372056389,0.736254042647306,-0.8833076759814831,0.7705472536968931,0.3387565972198916,0.2609214874310554,0.2248677370672128,-0.4227849443790367,-0.1273770906452703,0.5529674836883359,-0.2934692919063525,0.004229022273092152,-0.13757804333002516,-0.45798940050058906,0.007867421298550802,-0.12302231526442281,6.64
97,1.7304009458083531,4.127436795440392,1.4884544982980012,1.9232893438074727,5.314386155515905,-2.3066602148333293,2.3757134698958806,0.9007985409947624,-0.06756632041179728,1.147495041783694,0.025187378299078772,-0.08483088206354517,0.41205194652099825,-0.2900704932399307,-0.3252912795512,0.4859685116197519,-0.3888638733828311,0.5392317795823445,-0.033399758935152735,-0.9574620348976451,0.7236742501291159,-0.10989115167759328,-0.33272695458990176,-0.6411755370582634,-0.14965027285361476,0.5444527050479246,0.1766922479039094,-0.11543357414986116,-0.2764320628894293,-0.24789795489985297,0.2418927679364682,-0.17336752644743247,-0.20665315768289783,8.2
98,-3.2686067696482994,-3.823046289263045,-2.8133690830806026,0.10165529891802715,1.4934066530843706,1.131247924135388,0.3136452620810989,0.004654131005664027,1.6631720958704992,0.421885653910811,-0.5370165345171687,-0.35849653975199053,-0.36303830179882723,-0.5631751153921035,0.5127732968240603,-0.3912037089282179,-0.2060761094454656,-0.27099416422828043,0.16424950927331375,0.5092093351865971,-0.7065579329010175,-0.2852664983734287,-0.6141516148098676,0.33761848441651504,0.257678299859567,-0.5243806798033215,0.4424938087012688,0.4812071977945327,0.3609182221602556,0.12594207133135396,0.2739324212627008,0.4782921857543679,0.3128549490655627,8.21
99,-2.2816668626344248,3.8195674557974484,-3.3580878882069776,0.7579133521652132,-2.9908464684656524,0.13182284990600576,1.5702445268237284,0.4538162821531304,-0.08750724698620678,-0.15972591670268327,0.1337827510985102,-0.8781500396149952,-0.5460543277830784,-1.1377908492429525,-0.2884541854625121,0.37644958826786024,-0.9061729247652376,-0.2945658922085698,-0.644180725200733,-0.3605408062127415,-0.36811124809504187,0.038100831243045974,0.05637947439200078,0.4138839348533466,0.10683850489911409,0.34803337099371234,0.13305295429772854,-0.1699799699304301,0.29652998759283505,0.4011135601863426,-0.43350962585396086,0.22434492914308155,0.03184464642647583,8.32
100,0.6176152495215447,-4.495815170313171,-4.113149789669493,-0.6331855173670983,0.43698681932433214,-1.315278319764643,-0.3836059984165804,0.6074246390515665,-0.1275374559299406,-0.7525261487353831,0.1827943639496091,1.2092505050285396,2.1068592025956745,-0.3311898314642182,-1.3306077099512916,0.3909412652133447,0.10244990902084365,0.8638929681428129,-0.6471387787613688,0.6442244729413852,-0.01469524817674456,-0.1276950900383303,0.12168347216741812,0.17504094174794277,0.5470882087162594,0.4717738735772919,-0.26636185801617174,-0.09610242625287185,-0.026019047777942318,0.30567288371076695,-0.19968845091528237,0.2515359779751484,-0.05618483945135182,7.7
101,-2.7941378957765357,1.7933333276744392,0.9124822868159095,-0.3612648223341042,0.5021451889267988,0.6380176831921879,-0.8841874830328668,2.990717468816096,-0.14949086720422342,-1.2628421174725153,3.1554225698275165,2.3043334333884613,-1.8480608386365724,-1.2260412543235477,-0.22055507057472104,1.2628740714063929,0.3465375179265385,-0.1672481434538087,0.3620546085189151,-0.2951444574962843,0.3721409033542777,0.6197195760441477,-0.5439414565760408,-0.3378246999487197,0.6984124645213091,-0.13869738866496417,0.27035790412324,0.23564154228656814,0.4215583851437971,-0.07166014753391291,0.7705621636644322,0.23564036791400875,0.39471069122975794,6.1
102,2.7349748139528263,-3.711861546230874,0.6487575560862675,-1.0294792590046196,0.7954567236544898,1.5485906444722553,4.240892759608738,0.1162074543376472,-0.9693440075071297,0.010254742100645642,-0.1639717241366937,1.2711538920297347,0.8642510181778931,-0.13764601559380088,1.7403843183267373,-0.8843717627377954,0.057260354958877296,0.7459206451774458,-0.06614473678316737,-0.26826062606238377,0.4151744156710448,-0.28701909875964016,0.4875533431079851,-0.7497945652463692,0.6874063057612422,-0.3227618416895567,0.07440858206070754,0.4385139818514094,-0.05827810305619521,-0.008979599633138446,-0.14615545514803685,0.005950366192503113,0.28913843250288496,7.06
103,-0.6467523122853892,1.8143620889565488,-1.3436260247764613,-0.7530458367628516,-0.9731156895794167,1.9477379805361639,1.7328710416174262,-1.0267113007016913,2.148373328486865,-0.9388664152948464,-0.058920892572901395,0.37330213702313536,0.6594088674268767,0.7298995490126957,0.4152470902994725,-1.0160624378994847,0.15595070350054782,-0.6920961331572714,-1.1371919589041366,-0.37523403677946915,0.37689962749277967,1.205710551387269,-0.4735565752585324,0.1708404870601744,0.1295496476788935,0.6767220805469669,0.0777216829370495,-0.40261409911760987,1.0289331072282493,0.30419900949602385,-0.4395212700139151,0.25562593557079355,0.4301263937771354,8.85
104,-1.564635791684106,-4.82421726284201,-0.5191368111285066,1.8077543451184646,-0.321739649184293,0.4633465225226202,-0.3284121346807637,-2.0507365836075584,-1.4882599910221266,-1.1617985492482343,-0.10029614542811718,0.6779244416954485,-0.6789007036682758,2.1190428818595026,-1.0828558032419433,-0.3050331070110858,-1.6658686675776795,-0.13799099073962554,-0.5868856404588747,-0.01615040320031964,0.15722969525176178,-0.6508016156844404,-0.04520618493166602,-0.3648827024835284,0.1283439982618504,0.002669132744670427,-0.0006735805030369897,0.01364597542959023,-0.11013354933708783,0.07799913684969366,0.031558281163236376,-0.2803596743013578,0.01678150782251776,7.15
105,-2.18343608263967,2.9129396490170736,-0.30505774311396505,-1.654236418262232,-1.1104688759516672,2.2200615509695107,1.7044778797477917,-0.4060923504323694,1.5297267467058038,-0.48828903823367853,1.142197183450342,1.0932560558366688,0.8898634789364972,1.432835232831709,-0.14808675786682193,-1.053220273379312,1.6980280878384837,-1.6803428863380931,-0.011768893126788962,-0.3697257563520378,-0.5086747955793078,-0.007057345199547524,0.6381307480096781,-0.4711228336724678,-0.20300713453025016,0.4667173643474695,-0.2691186585390912,-0.19604009691452998,0.37507377413598325,-0.4312898886317751,-0.09795752246503901,0.10326684683520096,-0.047085439217930264,8.85
106,0.05907832845669014,-1.077092477807029,0.6929631127993747,-2.6931025152777703,-0.5051510587599212,-1.4409542223442773,-1.147404349782591,0.21314875248215878,-0.12544489622525387,-0.11403072501647456,-0.4833384138677316,-1.087543010353247,0.5103462189077105,-0.20040322412063596,-0.14175629878912224,-0.1929139027158301,0.5884609446238954,-0.20557948136295923,0.29948855960153936,0.4705909289504557,-0.12440542168056673,-0.26806549730299634,0.6170355388871407,0.10647192577846763,-0.3327689597167778,0.2838548572252836,0.013828898645586934,0.1308677373663138,0.23589445976959614,0.3775665749255167,0.4943284456637057,-0.2550873404541629,0.2566663868792327,8.14
107,-4.866574275767275,-1.181003029807913,1.3532698407847819,0.6493698248454893,1.1099280118567618,1.8666460906649036,-2.6594562024652575,0.4880842236379463,-0.0762062556033448,-1.1110791776908513,0.6538081042580196,0.8325100386023164,0.037339641707353856,-0.9658142806677581,0.1178453241994592,-0.46311843335673464,-0.8800149626790632,-0.1769336036668273,-1.0091633452584183,0.5939206120602543,0.36947322612044375,0.03211492040920341,0.06761359179629933,0.0934916285526651,-0.8170934682259853,-0.2474082474397064,-0.41231644003582457,0.21305594451249238,-0.329552553973611,-0.24653967200749455,0.46348991759083263,0.4495355040974919,-0.018745199236251214,6.6
108,-2.002482912037139,-0.48779853019879893,2.626736144563375,-0.5373328301660779,0.2842213543640083,0.45265695685980395,-1.5090287565502876,1.8899838537939455,-0.6256614521556348,1.1947819058080602,-0.4681709040610943,0.23892658785760085,0.0101565706249871,0.5447139517125076,0.13438220964005937,-0.3458895056696629,-0.4571653513353697,-0.03819289718808873,0.4844962496007041,1.2926893673538356,-0.7090790771896067,-0.29213806447897944,-0.15989138384278442,-0.40108209665517425,-0.6448824633707293,0.46095402295357074,-0.3648672477669099,-0.3302186646847872,0.7663477858940747,-0.23872001548444294,-0.5901997168447642,-0.30949267449001333,0.8106802070696209,6.5
109,4.790649480218436,4.699319253324853,0.4044579783407904,-0.9138190372609081,-1.9978477481056778,-1.2375943102424163,-1.4558281731742295,4.729945176338388,0.16385262625640734,0.8957651477513371,-1.5404547714922339,1.5065904003911206,-0.6641479110962368,1.7091961756836127,-0.2175790169581525,0.8355036968745517,-0.27894620130445963,-1.6475335784683252,-0.39342475247792863,0.726814154441572,-0.32960346500287824,-0.8617509161042664,0.637550982864495,-0.6064474819348188,0.542944082467895,-0.05364716654583491,0.7426490412176855,0.863295210802949,0.2208205134757166,0.09297176766107067,0.046883391749678,-0.31578946250039647,0.12867930260546817,6.8
110,-6.170192350738054,2.261135049784356,-1.8110420589712484,1.738355053273031,-1.1813800837048383,0.7786774590320045,-1.4892859105334584,-0.3190723814386744,0.0411935646121936,-1.2589247611335024,-0.7832300324975193,-0.6071183971623303,0.26122437432257606,0.11397343367921534,-0.1390537470991103,0.3411460188686438,0.5912190593552112,-0.23683858882546005,1.5027131586160445,0.5486621809055989,-0.409903445099376,-0.07348612797820317,-0.38019080517010634,-0.06997440606555651,-0.028719971682133097,-0.1262095467142783,-0.2194118181268693,-0.8735404986521438,-0.305228377020213,-0.5966964310974598,0.4114012217954609,0.10454030473956855,-0.19027625635890888,6.0
111,-2.126139187795107,0.15348512576421747,2.528869839826642,-0.7720253243161547,0.4699695662291702,1.9658687470176754,2.660162935900929,-0.12778570659221408,0.07950372708138863,0.4037619788515996,0.7594857065939883,-0.3872990575932588,-0.7185308509784537,0.06500189003533016,-0.5548950595171767,0.5714693205407761,-0.0946950365768361,-0.25124262718971724,0.39646130143655806,0.5341593817726211,-0.15693529241914309,0.2624604016355731,-0.2710521379555007,0.06694407984949106,0.8612044345982237,-0.5992798091739746,0.1903700771720501,0.23701279198643438,0.18141289703644042,-0.15157630903018018,0.25577025337462916,0.10051922429207646,0.046516628761350196,9.52
112,3.786810708212952,-2.926578444284035,-1.1783791517767173,2.7019410645510167,-2.2873181611659774,-0.7000387922273172,0.1715153891443245,0.8544144404620974,-0.8518246548933089,0.4373052369155641,0.9011724161340997,-0.6319102836448186,0.6080409878285068,0.12007783281041937,2.592191399468373,1.3860366518333955,-0.537113359707194,-1.2344408179927324,0.3687354507604667,-0.10867609952954141,0.7438197639957621,-1.0957560511679703,0.9901962682365107,0.49531649915076037,-0.6883054276960687,0.10342778086724987,0.08766514648468295,-0.35597550296412583,0.3537736408280877,0.05818861603726398,-0.5015462831866269,0.6379369668495761,-0.11483360555139048,6.7
113,-1.9649047770702233,-4.256354477151554,-0.4845069853886741,1.8149656912026042,-0.22518051687166574,0.5330651070402818,-0.7230550507036924,-1.6165244126253242,-1.198552147845961,-0.5861289164869905,-0.43220137003620973,0.29991262470049024,-0.6804903275481974,-0.09311171075439897,1.540763118162381,-0.6834211753615814,-0.04719665039323857,0.26643966040523326,-0.5146112552222298,0.10853951114572247,0.2420052810747971,-0.6073654539252945,0.004696132303298236,-0.5258167122225831,0.26045951570099096,-0.24398192079885178,0.7501634282449774,0.4584380154076693,0.1432433143430551,-0.5379421238961856,0.07321980000804784,-0.17121893793445223,0.23636264183362976,6.27
114,0.019025589582151062,-0.030703493401937405,0.7312462508500581,-3.3090568106631504,-0.04399131748955758,-0.9777633084293079,1.2358021759728801,-0.5943778267234612,-1.4005003245356302,0.5345012937229604,1.0124156333382928,0.0199446620719726,0.4056927818275119,-1.0622242479246575,-0.1597657201515241,-0.6981135280462485,0.20455006705730763,-0.21455860769079554,0.37389884931141076,-0.30697526910878353,0.5667064768602761,-0.37482978733030164,-0.33523803097010824,-0.09562394770543506,0.23262723355083337,0.08731295474024144,-0.23008771138615022,0.2571682504780259,-0.13619266177240497,0.13617791604700305,-0.016608159061903646,-0.10793989326258213,0.11455326184390655,7.36
115,4.135412925678347,5.2188108403485485,-0.21100722633106153,2.0303684901277883,3.661826712024239,-3.1655706293840495,1.3805697624963322,0.7944213048424186,0.18446085763740055,0.452126116733946,-0.5290692547069623,0.6022112987721355,-0.3961977719868407,-0.18421253496775108,0.1604463188402087,-0.44468210747693465,-0.3690315716675594,0.269577738386954,-0.4127526038525339,0.8140098152568421,0.07572450711822633,0.34615988897346794,-1.036343055861531,1.1297628319554331,-0.24889960775776443,-0.6985296163371952,-0.07904008971090078,-0.16137951172617088,0.2726228460987139,0.2392747892465621,-0.21789023166124152,-0.11901184793731864,0.0652522015515879,7.2
116,0.21275410028155656,-0.6979870124196923,0.9968129540926682,-2.5576579106393758,0.3874427078083273,-2.1519857873063066,-1.3524413495392276,-1.116366447305834,-0.6106919928021045,0.47627329740440727,-1.1619539101378016,-0.9591503959459934,0.8198091429470408,-0.5240911652885001,-0.27713449273784385,-0.05020929110702621,0.6600103346561802,0.09959677752843467,-0.4241559487176662,-0.5446436957950062,0.23765391889997395,0.4024890870417077,0.17600716998622074,0.2270663525545847,-0.3866606070034747,-0.8780735625991593,-0.40135035523013424,-0.006595237638311616,-0.3076613365963679,0.11802556183497766,0.2019667287959726,0.21147835715284405,0.14255306987894686,6.88
117,7.511926928343717,-2.662667776116084,-0.3145086592364355,6.506294478522154,-0.30174939793650796,1.086766401770687,1.7506038646735205,0.7234644305870744,-2.085040449451554,1.8601260348933033,1.7656855789380008,-0.6030201391462566,0.8082438429226478,2.224765823747531,-0.8520840304485009,-0.12984404723384885,-0.2887720808769859,-0.2939474601987187,1.0710987453394392,-0.640984797416549,0.28041103272438533,1.031425881325905,0.8521207494814266,0.20728635527166508,0.10713296620709764,-0.2505072868497431,-1.0743001807133548,-0.3703907452361401,0.43989579542651913,0.3251931785452383,0.8363016716330847,0.40280755880537844,0.15538981832477383,6.7
118,-3.698700773276884,-1.9171419132571583,2.5049717029473513,-0.27090149259748453,0.332196492120399,-0.4026420711167467,-0.4245096432480253,-1.3100445561094294,0.22596169978222502,0.4708043921324019,-0.947611371448242,0.49708612704963406,-0.9212042288382915,-0.19276653481011177,0.443596929760496,1.1786088360050555,-0.18099249063455267,1.3480901208390261,0.3106176219966863,0.5767969884345148,-0.24106634342406308,-0.11355771796364439,-0.11200586078907768,-0.31759688722790047,-0.05473716928846058,0.10229453424988254,-0.17427989196068275,-0.6332008166899987,0.469341260302398,0.19865209014496368,-0.3639769323740538,-0.18874695937276112,-0.3923401116818508,7.0
119,-3.2512233784640374,-0.23308838381493338,3.2980463613925757,0.22885818501448307,2.917877552905466,-0.006518293924268614,-0.17508010673384766,0.5764844337183538,-0.8917899822644194,-1.176055241717943,3.42296861672343,-2.4149113419440105,3.888007745517227,1.59505891001648,2.799069168990773,1.9168666615031917,-0.7404925998791434,-0.7897871416468356,-0.9863647286476434,-0.11461338366492517,-0.1548988605846701,-0.0005898286802025546,-0.9630336017607457,0.38243828816934433,0.7799316662857595,0.45539377619087024,1.2362536643628992,-0.14101620142510968,-0.4991172757269263,-0.12185053657893226,-0.002138654919920494,-0.3722981163900744,-0.05389239786707978,7.0
120,-4.668284296599426,2.7565490827872012,0.768799800084553,1.4459287833638677,0.7941173421332585,-0.015199282925612012,-0.9728306993826151,-1.3818800706194652,-1.9094808211413954,2.4335714334150413,-1.4876392363508255,-0.13884270212039987,-0.27867392540054425,-0.16357465597971402,-0.6122115896157723,0.2670575803341951,0.6264213086805802,-0.47827400325686603,-0.916632743664142,0.04003601824122145,-0.10309865504797039,-0.018135512939852036,-0.26525882820521895,-0.21788932916862197,-0.2813389752359418,-0.2409338304189887,-0.24990076083863758,-0.011738255966464311,0.1951155600752318,0.19518545516065927,-0.005702722546649039,-0.20890812289386448,-0.02773082407224342,6.2
121,2.237624861532101,-0.2318429455083081,0.5009695281485048,-2.862264675093575,-0.5221600655373061,-0.8540941482098994,-0.568044072196561,1.4532912815863128,-0.2843890242878302,0.039564941877078486,0.34353046991877006,-1.0567948883593796,-0.523589429284117,0.3364306992170358,-0.25543305526560645,-0.43327791250641934,0.25518259620682443,-0.02208530830609976,-0.10783509811770542,0.2783977839658751,-0.3610733384115482,0.32944574183009157,-0.2000052005037316,0.5824907107846738,0.7091701870263247,-0.3368512985330237,0.03458261598426981,0.37114192555572895,0.591543158061992,-0.5810363925134443,0.0869855271057428,-0.0888373072025333,-0.6657965080563993,8.25
122,-0.7095436205857113,2.0294097773699833,-1.334036139853963,2.6935003287153534,-3.0007242802167493,0.22118439383570437,-1.3989482565732458,0.21576773209898334,0.18352480130549206,-2.8911537600246215,-2.002112617978486,-1.0163689488584944,0.2116887357108831,-1.3467657694852182,-0.3233858246173522,0.6244081347300965,-0.3081320325045143,-0.9443295404588878,0.7692354060183719,-0.3074288358390183,0.3057967908579222,-0.2513607877983317,-0.8276397858428346,0.16990372467906228,0.18044371256050207,-0.2853116856195957,-0.09899914120834141,-0.5413647901840838,0.6184252364894024,-0.19117214760257828,-0.7382571491947548,-0.3173075699299676,-0.5190387057718642,6.5
123,-2.5533265898892124,1.9973938523574248,0.2895942472608745,-1.3553747041171784,-0.6281414873957479,0.1398564796838561,0.7670615278319616,1.9153827314772578,0.3893642452944285,-1.1527834941190735,2.0111291396890127,1.6260034398060603,-0.7595170792742315,-0.947230148856024,-0.3568686060493663,0.36412937974583315,1.3430768453907334,0.28313335869302175,-0.33101658433252273,-0.5000740901159353,0.4675844867684226,0.13913380904967176,-0.21975310054035652,-0.03784630668552642,0.6453922011980142,-0.7156257755547757,-0.5299135408753299,-0.6236256510614974,-0.3256280883377857,0.39881339509555125,-0.3069030803082007,-0.416964533981487,0.055256347352311386,6.1
124,-2.6272158787688067,-1.3485041554379231,2.7428298528404778,-0.793934730176033,0.4710322945349452,1.1868229737073674,2.459275466925004,-0.761279572158334,0.24991722730681698,0.6209439494470832,0.2927017370625283,-0.08518299596787843,0.3340730456499739,-0.5173446317255327,-0.0444668243218401,0.938961884472343,0.6714387270290143,-0.01825718435650077,0.010336780680219497,1.2727698197646655,-0.06734317901370913,0.41398010721102435,0.5067802053747851,-0.18426542526581502,0.0185573346792672,-0.2132473992498884,0.09459655114203924,-0.03591793614271448,0.22194571170186986,0.07649735737944875,-0.04259892971269104,0.14701768666608156,0.0050211528731366195,8.07
125,-3.0136058904171676,4.572976050334978,-3.1205952783751867,0.13505896285261937,-2.6854433528337074,-0.4533829831951119,1.3300590102350507,0.2936773884045867,-0.3393822147289541,0.15967512103802103,0.5436370918687067,-0.40363165314218474,-0.37442440811673205,-0.6425291019538893,-0.19402547148223329,0.349026332650775,-0.4676437042619312,0.4164441748624467,-0.4342659107785839,0.3217456550417402,-0.5781118620490464,-0.14456259290368045,0.39445974985106175,0.16267083091286255,-0.3680311102480331,-0.014562590720277609,-0.06586665869937491,0.2485777965578082,-0.3597641489730004,0.11746272198887671,-0.17644303249499205,0.13251696800206533,-0.18676054964498973,7.19
126,-0.006927072529533462,-3.9431910433970776,-4.087721464628491,0.044021274903191174,-0.2622141879644969,-0.9649280402711439,-0.20723419579224425,0.2195244920318055,0.1703684256965785,-1.0056693735652045,-0.025362881106468258,1.1684946672683474,1.421398154269189,-0.1811507991194675,-1.6981857161119343,0.5880477486505897,0.05691715763381626,0.7424361013322385,-0.7285791096432009,0.2370335479079163,-0.4011340397040764,0.12022489149908339,-0.19389010084795946,0.1178925257671476,0.260264987676576,0.26173588145259047,-0.14362120582629978,-0.16530950189167778,-0.13427512695117136,-0.16949357609393406,-0.14651730379572442,-0.04059918175509342,0.28867936316425663,8.33
127,-3.0050815774259267,3.2676839389664605,-0.022623597777233762,2.4482534524739092,4.813511749315495,-1.6253515914406806,-1.2778146424793357,0.8827079182384073,0.4392631052511091,-1.5428123040256148,1.319850481469917,-0.1959118184062064,-0.3128101197915058,-0.12082418470347049,-0.22040911330474738,-1.0058570870013444,0.8262545263663839,-0.1374627725246565,0.18205045227212777,-0.39856362350264307,-0.0440614720937837,0.2960220985904515,0.5991258314690642,-0.2698282823386775,-0.04746076135033761,0.33263026915699034,0.2041261030038853,0.23521069838603859,0.499920878271899,-0.12337164200206616,-0.3063313813057503,-0.034514423418365636,0.4452985140959885,6.7
128,-3.8927423831463166,3.8713385356485177,0.6255304793381077,1.5421475063671335,-2.2305791728765874,0.8246894683021115,0.7457844278773229,-1.017435882406317,-1.5656711804287515,1.3325323247070253,0.48378816736619956,-0.29893861462681354,-0.09786790682657878,-0.8571253765666393,-0.5155041868202317,-0.08870242128135351,-0.570194112282215,0.42328234666944775,0.031445328023698586,-0.46847754486117116,-0.27773340895932813,-0.11650782049465896,0.04268267064648193,-0.2459229997601744,-0.4024408382111931,-0.019707658626496177,0.43271270552466407,0.20580333791458666,0.1232465568841574,0.10352910872415459,0.28938806015970475,-0.32602184332143025,-0.18061488228550363,6.85
129,-0.015589356837924229,2.5180593819240573,1.9353119170742397,2.700731637435744,4.466978177509999,-2.8982736840429846,0.9820298889993019,-2.2568649990961607,-0.22346136749233647,0.14179175041290315,-0.5215290461386833,-0.01486385264512425,-0.8879075629781437,-0.19520398452620819,-0.2345942080442754,-0.09135460066901496,0.19306628000743084,-0.19589317428996322,-0.1645699473469361,-0.5338457529560883,0.12167769974772705,-1.0256219752770024,-0.2287177903452004,0.13092891824907057,0.2361833382704186,0.39419185778849375,-0.3033752851420929,0.08816324717715712,-0.31536110568681314,0.22538968422887584,0.12535467753429452,0.0018584569661534989,-0.09414441642713853,6.8
